risk_tier,customer_count,actual_churn_count,actual_churn_rate
HIGH,466,259,0.555793991416309
MEDIUM,257,72,0.2801556420233463
LOW,686,43,0.06268221574344024
